ip,anonymityLevel,asn,country,isp,latency,org,port,protocols,responseTime,speed,updated_at,upTime,upTimeSuccessCount,upTimeTryCount
"45.112.125.58","elite","AS58369","ID","FIBERNET","185","N/A","4145","socks4","3392","1","2023-07-07T10:07:33.146Z","99","2672","2694"
"165.227.104.122","elite","AS14061","US","DigitalOcean, LLC","86","DigitalOcean, LLC","48500","socks5","4799","1","2023-07-07T10:07:32.831Z","100","2759","2770"
"168.227.158.9","elite","AS52898","BR","Multipla ServiÔos Inteligentes","201","Multipla Serviços Inteligentes","4145","socks4","4586","1","2023-07-07T10:07:32.829Z","99","2705","2720"
"88.135.44.39","elite","AS57391","IR","Laser Company Ltd","102","Laser Company Ltd","4153","socks4","5300","1","2023-07-07T10:07:32.831Z","71","1900","2693"
"204.10.182.34","elite","AS1819","US","DCM Cable Inc.","102","DCM Cable Inc","39593","socks4","5208","1","2023-07-07T10:07:32.833Z","100","2766","2766"
"114.88.100.108","elite","AS4812","CN","China Telecom (Group)","182","Chinanet SH","57114","socks4","4503","1","2023-07-07T10:07:30.643Z","65","1744","2690"
"70.32.26.22","elite","AS55293","US","A2 Hosting, Inc.","95","A2 Hosting, Inc.","36546","socks5","4703","1","2023-07-07T10:07:30.645Z","100","2666","2668"
"201.251.155.253","elite","AS22927","AR","Telefonica de Argentina","298","Cooperativa Telefonica OYIKIL LTDA","5678","socks4","3442","1","2023-07-07T10:07:30.446Z","98","2609","2650"
"178.134.79.250","elite","AS35805","GE","JSC \"Silknet\"","81","Silknet - 6","5678","socks4","4795","1","2023-07-07T10:07:30.445Z","100","2742","2744"
"47.243.230.63","elite","AS45102","HK","Alibaba (US) Technology Co., Ltd.","290","Alibaba.com LLC","61502","socks4","5004","1","2023-07-07T10:07:30.723Z","96","2648","2770"
"47.243.207.3","elite","AS45102","HK","Alibaba (US) Technology Co., Ltd.","275","Alibaba.com LLC","33967","socks5","4918","1","2023-07-07T10:07:30.723Z","53","1451","2738"
"36.94.234.177","elite","AS7713","ID","PT. Telekomunikasi Indonesia","235","Telekomunikasi Indonesia","5678","socks4","4606","1","2023-07-07T10:07:30.721Z","100","2709","2722"
"185.89.156.130","elite","AS198279","AL","ATU","40","N/A","5678","socks4","4787","1","2023-07-07T10:07:30.722Z","99","2681","2699"
"107.174.121.140","elite","AS36352","US","ColoCrossing","115","RackNerd LLC","3128","socks4","4600","1","2023-07-07T10:07:30.725Z","56","1506","2682"
"104.36.7.201","elite","AS55077","US","Light Speed Technologies LLC","159","Light Speed Technologies LLC","1337","socks4","4689","1","2023-07-07T10:07:30.724Z","100","2701","2702"
"183.177.127.42","elite","AS55341","IN","51/A RACHNA MIDAS GOKULPETH","168","N/A","5678","socks4","4691","1","2023-07-07T10:07:30.723Z","53","1471","2773"
"178.32.116.99","elite","AS16276","FR","OVH SAS","8","OVH ISP","62763","socks4","4599","1","2023-07-07T10:07:30.535Z","100","2694","2704"
"45.56.83.46","elite","AS63949","US","Akamai Technologies, Inc.","186","Linode","8047","socks4","4799","95","2023-07-07T10:07:28.041Z","95","2553","2687"
"110.139.125.237","elite","AS7713","ID","PT. TELKOM INDONESIA","232","N/A","4145","socks4","4598","1","2023-07-07T10:07:28.633Z","86","2335","2711"
"172.67.209.12","elite","AS13335","US","Cloudflare, Inc.","2","Cloudflare, Inc.","80","socks5","4602","1","2023-07-07T10:07:28.635Z","100","2667","2667"
"75.119.207.148","elite","AS26347","US","New Dream Network, LLC","162","New Dream Network, LLC","32238","socks4","4507","1","2023-07-07T10:07:28.633Z","100","2760","2761"
"103.23.101.30","elite","AS58400","ID","Universitas Negeri Semarang, y","194","UNNES","4145","socks4","4997","1","2023-07-07T10:07:28.635Z","100","2728","2734"
"46.61.17.251","elite","AS12389","RU","BRAS Huawei ME60 (128kusers)","90","OJSC Rostelecom Macroregional Branch South","3128","socks5","3408","1","2023-07-07T10:07:28.632Z","62","1671","2699"
"117.54.12.7","elite","AS9340","ID","PT IndoInternet","192","N/A","5678","socks4","4910","1","2023-07-07T10:07:28.043Z","100","2744","2748"
"104.16.230.163","elite","AS13335","US","Cloudflare, Inc.","2","Cloudflare, Inc.","80","socks4","5098","1","2023-07-07T10:07:28.637Z","100","2751","2752"
"101.51.121.203","elite","AS23969","TH","TOT Public Company Limited","197","TOT Public Company Limited","4153","socks4","4792","1","2023-07-07T10:07:28.637Z","78","2156","2771"
"5.8.64.55","elite","AS44812","RU","IP SERVER LLC","79","Worldbyte","8080","socks5","4601","1","2023-07-07T10:07:28.634Z","96","2552","2666"
"23.227.38.198","elite","AS13335","CA","Cloudflare, Inc.","86","Shopify, Inc.","80","socks4","4720","1","2023-07-07T10:07:28.040Z","100","2769","2770"
"139.59.6.54","elite","AS14061","IN","DIGITALOCEAN","195","DigitalOcean, LLC","54571","socks5","2792","1","2023-07-07T10:07:28.046Z","99","2728","2769"
"187.155.218.135","elite","AS8151","MX","Uninet S.A. de C.V.","152","Uninet S.A. de C.V.","8081","socks5","4696","1","2023-07-07T10:07:28.044Z","91","2522","2770"
"155.133.83.253","elite","AS42366","PL","TerraTransit AG","97","MIKRONET Wenderski Jaroslaw","58351","socks4","4815","1","2023-07-07T10:07:28.147Z","90","2502","2782"
"176.236.98.171","elite","AS34984","TR","Superonline Iletisim Hizmetleri A.S.","72","Veganet Teknolojileri VE Hizmetleri Limited","9090","socks5","5002","1","2023-07-07T10:07:28.636Z","100","2702","2711"
"192.81.225.9","elite","AS32678","CA","Fidalia Networks Inc","92","DSA Consultants","33140","socks4","2492","1","2023-07-07T10:07:28.234Z","99","2730","2746"
"41.225.229.55","elite","AS37671","TN","3S INF","77","ATI - Agence Tunisienne Internet","1080","socks4","3815","1","2023-07-07T10:07:28.636Z","99","2683","2720"
"189.138.115.211","elite","AS8151","MX","Uninet S.A. de C.V","186","Gestión de direccionamiento UniNet","80","socks4","4796","1","2023-07-07T10:07:26.420Z","90","2404","2660"
"172.104.35.230","elite","AS63949","SG","Akamai Technologies","191","Linode","25140","socks5","4690","1","2023-07-07T10:07:26.421Z","99","2650","2666"
"103.48.58.213","elite","AS58678","IN","SHRIGANESH","273","N/A","8080","socks4","4609","1","2023-07-07T10:07:26.419Z","100","2676","2689"
"217.115.115.253","elite","AS30900","IE","Sternforth Ltd. trading as WebWorld","24","Webworld","56792","socks5","5089","1","2023-07-07T10:07:26.422Z","92","2564","2772"
"151.248.117.232","elite","AS197695","RU","Reg.Ru","53","N/A","5555","socks4","4594","1","2023-07-07T10:07:26.422Z","99","2707","2728"
"182.16.191.202","elite","AS17995","ID","PT iForte Global Internet","864","N/A","5678","socks4","4005","1","2023-07-07T10:07:26.423Z","68","1851","2714"
"217.66.223.186","elite","AS24631","IR","Tose'h Fanavari Ertebabat Pasargad Arian Co. PJS","182","Fanaptelecom Network","5678","socks5","4803","1","2023-07-07T10:07:26.423Z","87","2384","2746"
"1.0.153.130","elite","AS23969","TH","TOT Public Company Limited","183","TOT Public Company Limited","4145","socks4","4896","1","2023-07-07T10:07:25.658Z","64","1710","2680"
"192.154.195.76","elite","AS64200","US","Vivid-hosting LLC","144","Vivid-hosting LLC","9000","socks5","4809","1","2023-07-07T10:07:25.656Z","100","2644","2648"
"45.196.150.222","elite","AS7018","US","AT&T Services, Inc.","81","AQUA Networks Limited","5432","socks4","5090","1","2023-07-07T10:07:25.657Z","97","2620","2702"
"114.242.116.50","elite","AS4808","CN","China Unicom Beijing Province Network","302","N/A","4145","socks4","4999","1","2023-07-07T10:07:25.654Z","80","2203","2770"
"129.226.90.145","elite","AS132203","SG","Tencent Cloud Computing (Beijing) Co","326","Aceville Pte.ltd","443","socks5","4512","1","2023-07-07T10:07:25.655Z","80","2193","2751"
"173.249.2.150","elite","AS51167","DE","Contabo GmbH","94","Contabo GmbH","57725","socks4","4499","1","2023-07-07T10:07:23.436Z","100","2652","2662"
"108.28.33.157","elite","AS701","US","Verizon Business","90","Verizon Online LLC","8080","socks4","2487","1","2023-07-07T10:07:23.620Z","100","2704","2706"
"103.82.11.233","elite","AS136156","BD","FNF Online","275","N/A","4153","socks4","4989","1","2023-07-07T10:07:23.247Z","99","2729","2758"
"106.14.207.142","elite","AS37963","CN","Hangzhou Alibaba Advertising Co","209","Aliyun Computing Co., LTD","8081","socks5","3386","1","2023-07-07T10:07:23.621Z","60","1638","2742"
"185.108.164.176","elite","AS56503","IR","PJSC \"Badr Rayan Jonoob\"","131","BadrRayan BornaRayan","58154","socks4","5014","1","2023-07-07T10:07:23.250Z","69","1880","2742"
"46.148.45.119","elite","AS43395","IR","Pooya Parto Qeshm Cooperative Company","211","PartPayam Shahin Shahr ISP","5678","socks4","4791","1","2023-07-07T10:07:23.248Z","91","2409","2648"
"103.212.93.241","elite","AS138312","IN","Best Telnet Services Private Limited","145","Best telnet services private limited","45639","socks4","5108","1","2023-07-07T10:07:23.619Z","99","2757","2777"
"51.77.73.68","elite","AS16276","DE","OVH SAS","11","Sastre Vazquez Antonio","31979","socks4","4498","1","2023-07-07T10:07:23.621Z","100","2708","2713"
"117.241.135.33","elite","AS9829","IN","BSNL Internet","189","N/A","5678","socks4","5010","1","2023-07-07T10:07:23.248Z","97","2697","2773"
"41.207.251.194","elite","AS37540","NG","Winrock Nigeria Limited","199","Winrock","8080","socks4","3604","1","2023-07-07T10:07:23.249Z","56","1515","2697"
"193.124.189.13","elite","AS209641","RU","I-servers LTD","84","I-servers LTD","80","socks4","4895","1","2023-07-07T10:07:23.618Z","100","2683","2694"
"102.66.237.48","elite","AS328471","ZA","HERO TELECOMS (PTY) LTD","190","Herotel","5678","socks4","4997","1","2023-07-07T10:07:21.041Z","57","1528","2692"
"113.69.224.203","elite","AS4134","CN","Chinanet","294","Chinanet GD","8118","socks5","2995","83","2023-07-07T10:07:21.036Z","29","779","2654"
"197.234.13.44","elite","AS36902","SC","Intelvision","196","Intelvision Ltd","4145","socks4","4986","1","2023-07-07T10:07:21.034Z","100","2749","2761"
"103.111.160.41","elite","AS59323","PK","Punjab Information Technology Board","186","Pitb Punjab","5678","socks4","2687","1","2023-07-07T10:07:21.040Z","98","2736","2781"
"111.53.178.249","elite","AS56042","CN","China Mobile communications corporation","271","China Mobile","7302","socks5","4909","1","2023-07-07T10:07:21.109Z","75","1991","2648"
"188.255.245.177","elite","AS52116","RS","Orion Telekom ISP IP Network in Subotica","39","Orion Telekom Tim d.o.o.Beograd","1080","socks4","4802","1","2023-07-07T10:07:21.033Z","100","2779","2780"
"82.194.133.209","elite","AS8445","AT","SALZBURG-AG","30","Salzburg AG","4153","socks4","4808","1","2023-07-07T10:07:21.149Z","96","2639","2763"
"186.47.232.243","elite","AS28006","EC","Corporacion Nacional De Telecomunicaciones - CNT EP","178","Corporacion Nacional De Telecomunicaciones - CNT EP","5678","socks4","4703","1","2023-07-07T10:07:21.038Z","98","2711","2766"
"103.88.126.170","elite","AS134006","IN","Sheng Li Telecom India Private Limited","194","Xantel Corporation Pvt Ltd","5678","socks4","3230","2","2023-07-07T10:07:20.950Z","98","2720","2765"
"103.53.110.45","elite","AS133970","IN","Tycoon Computers Pvt. Ltd.","165","Tycoon Computers Pvt. Ltd.","10801","socks4","4401","1","2023-07-07T10:07:19.328Z","98","2686","2738"
"118.174.46.144","elite","AS131293","TH","TOT Public Company Limited","188","TOT Public Company Limited","45764","socks4","4596","1","2023-07-07T10:07:19.327Z","97","2653","2742"
"80.235.239.130","elite","AS5089","GB","TalkTalk","73","Pccw Global Networks  UK  PLC","1080","socks4","4990","1","2023-07-07T10:07:19.327Z","94","2609","2771"
"45.8.104.168","elite","AS209242","DE","Cloudflare London","91","Araxio Development N.V","80","socks4","4999","82","2023-07-07T10:07:18.645Z","100","2704","2704"
"110.78.153.94","elite","AS131090","TH","CAT-BB","177","N/A","4145","socks4","4294","1","2023-07-07T10:07:18.646Z","66","1791","2708"
"116.109.68.216","elite","AS7552","VN","Viettel Corporation","245","Viettel Group","1080","socks4","4911","1","2023-07-07T10:07:18.644Z","86","2313","2685"
"115.186.139.69","elite","AS23674","PK","Nayatel (Pvt) Ltd","196","Nayatel","5678","socks4","4484","1","2023-07-07T10:07:18.640Z","99","2689","2707"
"45.196.148.8","elite","AS7018","US","AT&T Services","89","AQUA Networks Limited","5432","socks4","4590","1","2023-07-07T10:07:18.649Z","97","2615","2691"
"23.225.129.132","elite","AS132839","US","POWER LINE (HK) CO., LIMITED","193","CloudRadium L.L.C","39877","socks4","4706","1","2023-07-07T10:07:18.647Z","98","2674","2726"
"45.228.77.131","elite","AS266682","AR","Daniel Marechal","256","Daniel Marechal","5678","socks4","4999","1","2023-07-07T10:07:17.225Z","97","2700","2770"
"142.44.241.192","elite","AS16276","CA","OVH SAS","87","OVH Hosting, Inc.","7497","socks5","4887","1","2023-07-07T10:07:17.227Z","100","2709","2714"
"103.12.246.45","elite","AS134941","IN","Instant Cable Network PVT LTD","155","Instant Cable Network PVT LTD","4145","socks4","4910","82","2023-07-07T10:07:17.228Z","99","2756","2773"
"202.165.46.14","elite","AS17538","ID","Circlecom","200","N/A","5678","socks4","5003","1","2023-07-07T10:07:17.227Z","99","2739","2754"
"103.59.203.161","elite","AS134014","IN","NET 4 U SERVICES PVT LTD","126","NET 4 U Services PVT LTD","4145","socks4","5084","1","2023-07-07T10:07:17.226Z","99","2726","2748"
"70.60.230.1","elite","AS11426","US","Spectrum","103","Fastlink Communications Inc","32940","socks4","5082","1","2023-07-07T10:07:17.228Z","100","2768","2769"
"200.70.19.92","elite","AS10834","AR","Telefonica de Argentina","254","Telefonica de Argentina","4153","socks4","4509","1","2023-07-07T10:07:17.227Z","97","2679","2759"
"181.115.232.158","elite","AS6568","BO","Entel S.A. - EntelNet","201","Entel S.A. - EntelNet","4153","socks4","4603","1","2023-07-07T10:07:16.336Z","96","2665","2774"
"104.20.233.70","elite","AS13335","US","Cloudflare, Inc.","2","Cloudflare, Inc.","80","socks4","5009","1","2023-07-07T10:07:16.339Z","100","2728","2729"
"93.90.212.2","elite","AS44963","RU","Stavtelecom LLC","84","JSC KMVtelecom network","4153","socks4","1993","1","2023-07-07T10:07:16.338Z","100","2765","2772"
"153.99.126.18","elite","AS4837","CN","CHINA UNICOM China169 Backbone","196","Unicom JS","7302","socks5","4990","82","2023-07-07T10:07:16.340Z","80","2194","2756"
"103.60.137.17","elite","AS134016","IN","Velocity Internet India Private Ltd","148","Velocity Internet India Private Ltd","4153","socks4","4715","1","2023-07-07T10:07:15.019Z","99","2737","2771"
"191.241.145.23","elite","AS262784","BR","SATURNO COMUNICA??ES LTDA","213","SATURNO COMUNICAÇÕES LTDA","4153","socks5","3493","1","2023-07-07T10:07:15.020Z","99","2620","2657"
"41.242.90.3","elite","AS37612","GN","1st RO","167","N/A","57520","socks4","5089","1","2023-07-07T10:07:15.015Z","98","2646","2705"
"170.254.255.239","elite","AS52584","BR","Connect Fibra","215","Connect Fibra","45816","socks4","5011","1","2023-07-07T10:07:15.017Z","98","2705","2751"
"88.119.204.62","elite","AS8764","LT","Telia Lietuva, AB","41","Telia Lietuva, AB","4153","socks4","3509","82","2023-07-07T10:07:15.019Z","100","2769","2770"
"115.75.5.17","elite","AS7552","VN","VIETELxdsl","243","xDSL Services","38351","socks4","4986","1","2023-07-07T10:07:15.018Z","99","2716","2736"
"103.240.33.153","elite","AS132923","IN","Vihaan Telecommunication Pvt. Ltd.","139","Vihaan","8291","socks4","4999","1","2023-07-07T10:07:15.017Z","98","2691","2734"
"198.37.103.71","elite","AS397373","US","H4Y Technologies LLC","186","H4Y Technologies LLC","62220","socks4","3512","1","2023-07-07T10:07:15.016Z","100","2742","2743"
"186.251.255.213","elite","AS267513","BR","Seanet Telecom Carazinho Eireli","206","Seanet Telecom Carazinho Eireli","31337","socks4","5100","1","2023-07-07T10:07:13.938Z","99","2718","2734"
"103.212.93.254","elite","AS138312","IN","Best Telnet Services Private Limited","189","Best telnet services private limited","45639","socks4","5199","1","2023-07-07T10:07:13.945Z","99","2736","2765"
"103.47.93.197","elite","AS134058","IN","Broban Internet Services Pvt.ltd","183","Broban  PVT Ltd.","1080","socks4","4906","1","2023-07-07T10:07:13.942Z","99","2727","2744"
"175.213.132.84","elite","AS4766","KR","Korea Telecom","286","Kornet","10001","socks4","5102","1","2023-07-07T10:07:13.939Z","100","2645","2645"
"37.130.25.184","elite","AS15874","PL","\"InterKAM\" S.C","97","Interkam Szczepanik Spolka Komandytowa","5678","socks4","4899","1","2023-07-07T10:07:13.936Z","99","2685","2701"
"177.38.5.215","elite","AS52964","BR","FÔBIO MENDES DIAS LTDA ME","286","FÁBIO MENDES DIAS LTDA ME","4153","socks4","4994","82","2023-07-07T10:07:13.941Z","96","2649","2769"
"190.103.240.4","elite","AS27983","AR","Red Intercable Digital S.A.","287","Ercom SRL","4153","socks4","4559","1","2023-07-07T10:07:13.946Z","87","2404","2770"
"203.24.102.178","elite","AS209242","VG","Cloudflare London, LLC","94","Anaga Consulting Limited","80","socks4","4802","1","2023-07-07T10:07:13.944Z","100","2687","2687"
"96.70.52.227","elite","AS33491","US","Comcast Cable Communications, LLC","158","Comcast Cable Communications, LLC","48324","socks4","4308","1","2023-07-07T10:07:12.623Z","100","2741","2744"
"209.143.1.244","elite","AS7106","US","Com Net, Inc","94","Com","80","socks4","4900","1","2023-07-07T10:07:12.627Z","100","2692","2696"
"202.150.1.87","elite","AS38623","KH","VIETTEL (CAMBODIA) PTE., LTD","197","VIETTEL (CAMBODIA) PTE., LTD","80","socks4","5094","1","2023-07-07T10:07:12.624Z","98","2612","2656"
"103.70.159.150","elite","AS133720","IN","speednet","121","N/A","5678","socks4","4410","1","2023-07-07T10:07:12.626Z","99","2741","2773"
"51.81.89.146","elite","AS16276","US","OVH SAS","78","OVH US LLC","50605","socks5","4810","1","2023-07-07T10:07:12.624Z","90","2490","2768"
"50.63.26.13","elite","AS398101","US","GoDaddy.com, LLC","140","GoDaddy.com, LLC","53887","socks4","5091","1","2023-07-07T10:07:12.626Z","100","2726","2728"
"139.255.41.122","elite","AS9905","ID","PT. LINKNET","177","N/A","2135","socks5","4997","1","2023-07-07T10:07:12.625Z","96","2604","2723"
"198.44.206.1","elite","AS55077","US","Light Speed Technologies LLC","100","Light Speed Technologies LLC","1337","socks4","4995","1","2023-07-07T10:07:12.623Z","100","2754","2755"
"203.112.134.74","elite","AS140641","IN","Yotta Network Services Private Limited","109","Yotta Network Services Private Limited","5678","socks4","5096","1","2023-07-07T10:07:12.626Z","100","2772","2775"
"104.19.5.247","elite","AS13335","US","Cloudflare, Inc.","2","Cloudflare, Inc.","80","socks4","5008","87","2023-07-07T10:07:11.638Z","100","2730","2730"
"176.105.199.153","anonymous","AS24812","UA","NPK Home-Net Ltd","57","NPK Home-Net Ltd","8010","http","5000","1","2023-07-07T10:07:11.649Z","89","2364","2658"
"173.212.206.86","elite","AS51167","DE","Contabo GmbH","97","Contabo GmbH","55405","socks5","4810","1","2023-07-07T10:07:11.744Z","100","2641","2646"
"181.205.89.54","elite","AS13489","CO","EPM Telecomunicaciones S.A. E.S.P.","197","Colombia Móvil","5678","socks4","5195","1","2023-07-07T10:07:11.636Z","100","2725","2732"
"95.78.119.94","elite","AS42116","RU","CJSC \"ER-Telecom Holding\" Naberezhnye Chelny branch","74","JSC \"ER-Telecom Holding\" Naberezhnye Chelny branch","1080","socks5","5003","1","2023-07-07T10:07:09.807Z","99","2752","2767"
"185.202.7.161","elite","AS42871","AT","Michael Gamsjaeger Network","57","N/A","1455","socks4","4806","1","2023-07-07T10:07:09.807Z","63","1710","2704"
"61.7.138.52","elite","AS131090","TH","CAT Telecom Public Company Limited","182","National Telecom Public Company Limited","5678","socks4","4898","1","2023-07-07T10:07:09.803Z","80","2226","2768"
"188.114.99.171","elite","AS13335","NL","CLOUDFLARENET-EU","2","CloudFlare, Inc.","80","socks4","4704","1","2023-07-07T10:07:09.445Z","100","2769","2770"
"149.202.172.226","elite","AS16276","FR","OVH SAS","7","OVH","8080","socks4","5001","1","2023-07-07T10:07:09.544Z","100","2709","2709"
"80.240.20.183","elite","AS20473","DE","The Constant Company","11","Vultr Holdings LLC Frankfurt","30002","socks4","4702","1","2023-07-07T10:07:09.806Z","100","2704","2706"
"159.89.173.98","elite","AS14061","IN","DigitalOcean, LLC","141","DigitalOcean, LLC","60301","socks5","4793","2","2023-07-07T10:07:09.452Z","86","2350","2734"
"116.212.142.231","elite","AS38235","KH","Angkor Data Communication","194","Mekongnet","33427","socks5","4891","1","2023-07-07T10:07:09.448Z","98","2705","2772"
"183.88.192.215","elite","AS45629","TH","Triple T Broadband Public Company Limited","194","Triple T Broadband Public Company Limited","8080","socks4","4711","1","2023-07-07T10:07:09.446Z","99","2692","2707"
"185.169.181.12","elite","AS34984","TR","Ates Dc","98","Ibrahim MALA trading as Ates Dc","4145","socks4","4685","1","2023-07-07T10:07:09.546Z","100","2758","2761"
"74.95.1.114","elite","AS33651","US","Comcast Cable Communications","197","Budget INN SAN Leandro","33108","socks4","4907","78","2023-07-07T10:07:09.805Z","98","2718","2774"
"202.159.35.73","elite","AS9340","ID","PT IndoInternet","181","N/A","443","socks4","4094","1","2023-07-07T10:07:07.042Z","100","2705","2711"
"161.97.181.31","elite","AS51167","DE","Contabo GmbH","16","Contabo GmbH","43231","socks5","4297","1","2023-07-07T10:07:07.107Z","94","2537","2710"
"172.67.254.127","elite","AS13335","US","Cloudflare, Inc.","2","Cloudflare, Inc.","80","socks4","4170","1","2023-07-07T10:07:07.038Z","100","2679","2679"
"85.92.164.179","elite","AS199335","GB","Talk Straight Ltd.","11","N/A","4145","socks4","4997","1","2023-07-07T10:07:07.046Z","100","2653","2653"
"45.7.210.196","elite","AS265729","AR","Cooperativa de Servicios Públicos de Porteña LTDA","297","Cooperativa de Servicios Públicos de Porteña LTDA","4153","socks4","4295","1","2023-07-07T10:07:07.036Z","99","2744","2773"
"45.70.204.233","elite","AS267586","BR","Rafael Pierre Barbosa - Me","195","Rafael Pierre Barbosa - Me","4145","socks4","4592","1","2023-07-07T10:07:07.033Z","100","2709","2714"
"221.215.124.214","elite","AS4837","CN","CNC Group CHINA169 Shandong Province Network","192","N/A","10080","socks5","4604","1","2023-07-07T10:07:07.045Z","70","1927","2768"
"177.85.205.137","elite","AS52554","BR","S. A. da Silva Junior","185","S. A. da Silva Junior","3629","socks4","4814","1","2023-07-07T10:07:07.039Z","100","2759","2760"
"103.82.20.108","elite","AS135905","VN","INETACADEMY","300","Inet academy joint stock company","51980","socks5","4790","1","2023-07-07T10:07:07.109Z","99","2683","2715"
"160.153.254.240","elite","AS21501","NL","Host Europe GmbH","15","GoDaddy.com, LLC","53728","socks5","2402","1","2023-07-07T10:07:07.140Z","100","2701","2706"
"218.91.50.234","elite","AS4134","CN","Chinanet","254","Chinanet JS","1080","socks5","5096","1","2023-07-07T10:07:05.506Z","78","2113","2724"
"38.127.179.125","elite","AS174","US","Cogent Communications","81","Torlandia Trading SRL","46656","socks5","4803","1","2023-07-07T10:07:05.528Z","100","2694","2698"
"185.189.14.93","elite","AS50113","RU","NTX Technologies s.r.o.","54","First Server Limited","1195","socks5","4805","1","2023-07-07T10:07:05.531Z","100","2739","2752"
"103.76.15.202","elite","AS131111","ID","PT. Mora Telematika Indonesia","188","N/A","5678","socks4","4998","1","2023-07-07T10:07:05.508Z","97","2688","2772"
"5.130.89.32","elite","AS31200","RU","Novotelecom Ltd.","102","Novotelecom ltd.","1080","socks5","4703","1","2023-07-07T10:07:05.507Z","99","2671","2711"
"163.172.84.25","elite","AS12876","FR","Online S.A.S.","1","ONLINE","9741","socks4","5205","1","2023-07-07T10:07:03.520Z","100","2742","2742"
"180.183.224.240","elite","AS45629","TH","Triple T Broadband Public Company Limited","191","Triple T Broadband Public Company Limited","4153","socks4","4414","1","2023-07-07T10:07:03.445Z","94","2512","2671"
"51.77.116.174","elite","AS16276","GB","OVH SAS","9","OVH Ltd","28046","socks5","5092","1","2023-07-07T10:07:03.540Z","100","2715","2716"
"43.153.174.106","elite","AS132203","JP","Shenzhen Tencent Computer Systems Company Limited","292","Tencent Cloud Computing","443","socks4","5013","1","2023-07-07T10:07:03.442Z","95","2582","2727"
"191.6.133.22","elite","AS263305","BR","NET.COM TELECOMUNICACOES EIRELI","196","RCS TELECOMUNICACOES LTDA","4145","socks4","5000","1","2023-07-07T10:07:03.521Z","96","2673","2774"
"143.255.178.129","elite","AS264641","CL","LanProject SPA","198","LanProject SPA","4153","socks4","4908","1","2023-07-07T10:07:03.443Z","100","2764","2776"
"212.69.12.53","elite","AS52116","RS","Orion Telekom Tim d.o.o.Beograd","33","Orion Telekom Tim d.o.o.Beograd","1080","socks4","4489","1","2023-07-07T10:07:03.521Z","100","2720","2723"
"89.237.34.17","elite","AS20485","RU","multi-origin SUTTK","96","N/A","51549","socks4","4894","1","2023-07-07T10:07:03.444Z","99","2756","2773"
"45.32.3.90","elite","AS20473","US","The Constant Company","86","Knoxville Internet","8888","socks5","4907","1","2023-07-07T10:07:03.446Z","100","2697","2697"
"181.88.73.182","elite","AS7303","AR","Telecom Argentina S.A","297","Telecom Acceso","5678","socks4","5295","1","2023-07-07T10:07:01.335Z","100","2751","2761"
"178.44.113.205","elite","AS12389","RU","JSC VolgaTelecom","83","OJSC Volgatelecom in the Kirov region","53281","socks5","4890","2","2023-07-07T10:07:01.434Z","100","2661","2669"
"94.191.67.125","elite","AS45090","CN","Shenzhen Tencent Computer Systems Company Limited","258","Tencent Cloud Computing (Beijing) Co., Ltd","1080","socks4","4408","2","2023-07-07T10:07:01.517Z","78","2156","2761"
"61.7.183.101","elite","AS131090","TH","CAT Telecom Public Company Limited","187","National Telecom Public Company Limited","4145","socks4","5098","82","2023-07-07T10:07:01.515Z","90","2412","2690"
"128.65.182.103","elite","AS43754","IR","Asiatech Data Transmission company","289","Asiatech Data Transmission Co.","5678","socks4","4611","1","2023-07-07T10:07:01.334Z","98","2713","2767"
"88.255.217.49","elite","AS9121","TR","TurkTelekom","76","N/A","10820","socks4","5011","1","2023-07-07T10:07:01.352Z","44","1175","2653"
"149.20.253.100","elite","AS18615","US","Mainstream Fiber Networks, LLC","101","Mainstream Fiber Networks, LLC","12551","socks4","4691","1","2023-07-07T10:07:01.515Z","100","2755","2757"
"8.210.206.107","elite","AS45102","HK","Alibaba (US) Technology Co., Ltd.","257","Alibaba.com Singapore E-Commerce Private Limited","59394","socks4","4497","1","2023-07-07T10:07:01.514Z","80","2187","2749"
"177.72.82.47","elite","AS262543","BR","Brmom Construindo Conexoes Ltda","217","Brmom Construindo Conexoes Ltda","4153","socks4","4909","1","2023-07-07T10:07:01.336Z","100","2728","2734"
"196.0.111.194","elite","AS21491","UG","Uganda Telecom Ltd","164","UTL","48009","socks4","5087","83","2023-07-07T10:07:01.332Z","96","2645","2754"
"20.247.104.85","elite","AS8075","HK","Microsoft Corporation","188","Microsoft Azure Cloud (eastasia)","49999","socks4","4999","1","2023-07-07T10:07:01.517Z","100","2713","2713"
"181.143.204.98","elite","AS13489","CO","EPM Telecomunicaciones S.A. E.S.P.","185","EPM Telecomunicaciones S.A. E.S.P","5678","socks4","4138","1","2023-07-07T10:06:59.318Z","99","2746","2773"
"129.226.90.34","elite","AS132203","SG","Tencent Cloud Computing (Beijing) Co","310","Aceville Pte.ltd","443","socks5","4601","1","2023-07-07T10:06:59.314Z","76","2087","2760"
"91.225.170.25","elite","AS56401","UA","PC \"MIRTELEKOM\"","72","MirtelecomRoute","4153","socks4","4583","1","2023-07-07T10:06:59.138Z","91","2531","2767"
"202.70.80.153","elite","AS23752","NP","Nepal Telecommunications Corporation","157","Nepal Telecommunications Corporation","5678","socks4","4305","82","2023-07-07T10:06:59.034Z","97","2608","2699"
"125.46.179.58","elite","AS4837","CN","CNC Group CHINA169 Henan Province Network","197","N/A","44844","socks5","4708","1","2023-07-07T10:06:59.317Z","48","1315","2745"
"190.0.22.34","elite","AS13489","CO","EPM Telecomunicaciones S.A. E.S.P.","187","EPM Telecomunicaciones S.A. E.S.P","61155","socks4","4796","1","2023-07-07T10:06:59.038Z","99","2735","2772"
"202.159.35.161","elite","AS9340","ID","PT IndoInternet","177","N/A","443","socks4","4813","1","2023-07-07T10:06:59.039Z","100","2732","2741"
"110.76.129.30","elite","AS59362","BD","KS Network Limited","182","N/A","5678","socks4","4711","1","2023-07-07T10:06:59.318Z","99","2737","2778"
"87.197.136.58","elite","AS6855","SK","Slovak Telecom AS6855","86","Slovak Telekom, a.s.","4153","socks4","5103","1","2023-07-07T10:06:59.315Z","100","2762","2769"
"142.93.167.100","elite","AS14061","DE","DigitalOcean, LLC","32","DigitalOcean, LLC","61042","socks5","5095","1","2023-07-07T10:06:59.137Z","97","2626","2696"
"177.85.205.105","elite","AS52554","BR","S. A. da Silva Junior","187","S. A. da Silva Junior","3629","socks4","4994","1","2023-07-07T10:06:59.317Z","100","2751","2755"
"75.119.201.156","elite","AS26347","US","New Dream Network, LLC","151","New Dream Network, LLC","15745","socks4","5108","1","2023-07-07T10:06:59.315Z","100","2749","2749"
"36.67.147.221","elite","AS7713","ID","PT. Telekomunikasi Indonesia","264","N/A","4153","socks4","4303","1","2023-07-07T10:06:59.316Z","96","2642","2765"
"138.68.132.158","elite","AS14061","GB","DigitalOcean, LLC","14","DigitalOcean, LLC","8118","socks5","3695","1","2023-07-07T10:06:58.946Z","100","2651","2651"
"170.254.255.230","elite","AS52584","BR","Connect Fibra","215","Connect Fibra","45816","socks4","5094","1","2023-07-07T10:06:58.947Z","98","2654","2699"
"197.234.13.66","elite","AS36902","SC","Intelvision","192","Intelvision Ltd","4145","socks4","4995","1","2023-07-07T10:06:56.350Z","100","2648","2661"
"103.83.36.1","elite","AS136171","US","Medha Hosting","108","Medhahosting in","5678","socks4","4795","1","2023-07-07T10:06:56.944Z","100","2764","2767"
"103.9.134.148","elite","AS9832","BD","Information Services Network Ltd","189","ISN Gazipur","5678","socks4","4396","1","2023-07-07T10:06:56.436Z","97","2675","2767"
"177.125.204.78","elite","AS262346","BR","FP Telecomunicacoes Ltda","205","FP Telecomunicacoes Ltda","4145","socks4","3614","1","2023-07-07T10:06:56.940Z","71","1941","2720"
"109.86.228.165","elite","AS13188","UA","Triolan","56","N/A","5678","socks4","4776","1","2023-07-07T10:06:56.435Z","97","2613","2701"
"37.99.224.225","elite","AS48500","IT","INC-LOW","84","N/A","7497","socks5","4997","1","2023-07-07T10:06:56.534Z","99","2722","2740"
"111.220.90.41","elite","AS9443","AU","Vocus PTY LTD","277","Vocus PTY LTD","40938","socks5","4705","1","2023-07-07T10:06:56.945Z","100","2718","2724"
"178.212.52.198","elite","AS197025","PL","Lubuskie Sieci Swiatlowodowe Sp. z o. o.","45","Lubuskie Sieci Swiatlowodowe Sp. z o. o","1080","socks4","4994","1","2023-07-07T10:06:56.533Z","98","2711","2755"
"45.112.125.53","elite","AS58369","ID","FIBERNET","197","N/A","4145","socks4","4998","1","2023-07-07T10:06:56.434Z","99","2741","2768"
"114.101.85.92","elite","AS4134","CN","Chinanet","268","Chinanet AH","38801","socks5","4798","1","2023-07-07T10:06:56.942Z","75","2045","2720"
"122.3.255.114","elite","AS9299","PH","Philippine Long Distance Telephone Co.","298","Philippine Long Distance Telephone Company","4145","socks4","3700","1","2023-07-07T10:06:56.945Z","61","1695","2764"
"103.214.112.138","elite","AS136052","ID","PT Cloud Hosting Indonesia","294","PT Denbe Anugerah Solusindo","32323","socks5","4904","1","2023-07-07T10:06:56.350Z","66","1753","2648"
"189.201.191.19","elite","AS28438","MX","ATC HOLDING FIBRA MEXICO, S. DE R.L. DE C.V.","183","ATC HOLDING FIBRA MEXICO, S. DE R.L. DE C.V","4145","socks4","4790","1","2023-07-07T10:06:56.942Z","99","2758","2774"
"103.24.21.1","elite","AS150576","IN","Zyetek Telecom Private Limited","165","Voip Communications PVT LTD","5678","socks4","4904","1","2023-07-07T10:06:56.349Z","77","2129","2769"
"66.97.37.164","elite","AS27823","AR","Dattatec.com","226","Dattatec Corp","80","socks4","3803","1","2023-07-07T10:06:56.941Z","100","2767","2775"
"124.158.186.34","elite","AS55685","ID","PT Jala Lintas Media","187","N/A","5678","socks4","2212","1","2023-07-07T10:06:53.920Z","92","2549","2775"
"159.65.116.119","elite","AS14061","DE","DigitalOcean, LLC","45","DigitalOcean, LLC","30199","socks5","4897","1","2023-07-07T10:06:53.917Z","90","2494","2777"
"178.250.70.218","elite","AS51580","IT","Timenet SPA","32","Time-net S.R.L","1088","socks4","4997","1","2023-07-07T10:06:53.739Z","97","2687","2773"
"198.11.179.15","elite","AS45102","US","Alibaba (US) Technology Co., Ltd.","195","Alibaba.com LLC","8080","socks4","3297","1","2023-07-07T10:06:53.647Z","100","2697","2698"
"81.219.155.193","elite","AS12741","PL","Netia SA","33","SIG","65000","socks4","3898","1","2023-07-07T10:06:53.734Z","100","2767","2768"
"117.241.133.31","elite","AS9829","IN","BSNL Internet","183","N/A","5678","socks4","5194","1","2023-07-07T10:06:53.919Z","96","2625","2727"
"181.198.32.211","elite","AS27947","EC","Telconet S.A","189","Clientes Quito","4153","socks4","4392","1","2023-07-07T10:06:53.738Z","100","2734","2736"
"105.213.132.15","elite","AS16637","ZA","MTN SA","195","MTN SA","5678","socks4","5077","1","2023-07-07T10:06:53.917Z","57","1569","2742"
"2.56.58.67","elite","AS399471","NL","Serverion LLC","13","Serverion BV","3389","socks4","4814","1","2023-07-07T10:06:53.838Z","75","2068","2749"
"113.161.128.192","elite","AS45899","VN","VietNam Post and Telecom Corporation","296","Vietnam Posts and Telecommunications Group","4153","socks4","4998","1","2023-07-07T10:06:53.740Z","91","2512","2768"
"104.25.108.120","elite","AS13335","US","Cloudflare, Inc.","2","Cloudflare, Inc.","80","socks4","4802","1","2023-07-07T10:06:53.736Z","100","2762","2763"
"103.94.8.239","elite","AS45722","ID","INTERSATNET","196","N/A","5678","socks4","4886","1","2023-07-07T10:06:51.546Z","98","2717","2775"
"45.7.210.195","elite","AS265729","AR","Cooperativa de Servicios Públicos de Porteña LTDA","251","Cooperativa de Servicios Públicos de Porteña LTDA","4153","socks4","5003","1","2023-07-07T10:06:51.637Z","99","2737","2762"
"66.207.184.57","elite","AS7029","US","Windstream Communications LLC","99","Voce Telecom, LLC","5432","socks4","5194","1","2023-07-07T10:06:51.535Z","97","2632","2715"
"161.97.156.209","elite","AS51167","DE","Contabo GmbH","15","Contabo GmbH","29118","socks5","2397","1","2023-07-07T10:06:51.651Z","100","2662","2662"
"31.41.217.84","elite","AS42655","UA","ON-LINE Ltd","85","Besthosting","9050","socks4","4987","1","2023-07-07T10:06:51.541Z","100","2698","2705"
"188.165.201.173","elite","AS16276","FR","OVH SAS","5","OVH ISP","51102","socks5","1996","2","2023-07-07T10:06:51.734Z","100","2748","2748"
"149.28.240.100","elite","AS20473","US","The Constant Company","114","Vultr Holdings, LLC","10403","socks4","4901","2","2023-07-07T10:06:51.604Z","72","2005","2767"
"89.165.117.30","elite","AS39501","IR","Parvaresh Dadeha Co. Private Joint Stock","196","Sabanet Isfahan","5678","socks4","5095","82","2023-07-07T10:06:51.545Z","97","2674","2750"
"91.185.236.239","elite","AS21487","RU","Sakhatelecom","153","N/A","4145","socks4","5088","1","2023-07-07T10:06:51.536Z","92","2520","2741"
"195.140.226.32","elite","AS56465","UA","Therecom Ltd","96","Highspeed Ipoe","5678","socks4","4999","1","2023-07-07T10:06:51.537Z","96","2617","2715"
"45.116.114.45","elite","AS58898","IN","Rainbow communications India Pvt Ltd","181","Rainbow Communications India Pvt Ltd","5678","socks4","985","1","2023-07-07T10:06:51.603Z","99","2629","2667"
"103.140.35.11","elite","AS58369","ID","PT.Simprug Mahkota Indah","171","N/A","4145","socks4","4802","82","2023-07-07T10:06:51.603Z","93","2587","2772"
"181.115.152.114","elite","AS6568","BO","Entel S.A. - EntelNet","188","Entel S.A. - EntelNet","4153","socks4","5092","1","2023-07-07T10:06:51.539Z","95","2636","2783"
"120.24.194.9","elite","AS37963","CN","Hangzhou Alibaba Advertising Co","211","Aliyun Computing Co., LTD","19009","socks5","3894","1","2023-07-07T10:06:49.915Z","74","2020","2719"
"206.189.140.176","elite","AS14061","IN","DigitalOcean, LLC","138","DigitalOcean, LLC","21657","socks4","4993","2","2023-07-07T10:06:49.914Z","99","2691","2723"
"175.101.18.21","elite","AS17754","IN","ExcellMedia Pvt Ltd","136","Excell Media Pvt Ltd","5678","socks4","4615","1","2023-07-07T10:06:49.913Z","99","2753","2768"
"89.38.99.115","elite","AS49981","NL","WorldStream B.V.","15","Worldstream","30485","socks5","4900","1","2023-07-07T10:06:49.636Z","100","2722","2728"
"172.67.182.96","elite","AS13335","US","Cloudflare, Inc.","2","Cloudflare, Inc.","80","socks5","4998","1","2023-07-07T10:06:49.451Z","100","2677","2677"
"146.59.243.35","elite","AS16276","FR","OVH SAS","7","OVH","27445","socks4","4703","1","2023-07-07T10:06:49.921Z","100","2675","2675"
"114.99.7.106","elite","AS4134","CN","Chinanet","191","Chinanet AH","8004","socks5","5103","1","2023-07-07T10:06:49.536Z","52","1425","2732"
"201.236.248.250","elite","AS13489","CO","EPM Telecomunicaciones S.A. E.S.P.","191","EPM Telecomunicaciones S.A. E.S.P.","5678","socks4","4694","1","2023-07-07T10:06:49.542Z","98","2627","2682"
"94.198.213.252","elite","AS49979","IT","La Wireless","47","N/A","5678","socks4","4999","1","2023-07-07T10:06:49.541Z","100","2754","2760"
"179.107.61.81","elite","AS262346","BR","FP Telecomunicacoes Ltda","212","FP Telecomunicacoes Ltda","4145","socks4","4094","1","2023-07-07T10:06:49.916Z","75","2061","2746"
"185.81.153.162","elite","AS202505","TR","Netbudur Telekomunikasyon Limited Sirketi","72","Netbudur Telekomunikasyon Limited Sirketi","3389","socks4","4908","1","2023-07-07T10:06:48.004Z","99","2682","2717"
"51.81.31.169","elite","AS16276","US","OVH SAS","83","OVH US LLC","4485","socks4","4893","1","2023-07-07T10:06:48.008Z","100","2774","2774"
"182.253.175.177","elite","AS17451","ID","Biznet Metronet","170","N/A","5678","socks4","4894","1","2023-07-07T10:06:48.002Z","92","2429","2649"
"222.74.65.84","elite","AS4134","CN","Chinanet","195","Chinanet NM","38051","socks5","4786","1","2023-07-07T10:06:48.005Z","74","2012","2712"
"177.184.67.1","elite","AS52898","BR","Multipla ServiÔos Inteligentes","205","Multipla Serviços Inteligentes","4145","socks4","4603","1","2023-07-07T10:06:48.009Z","99","2717","2734"
"167.71.238.48","elite","AS14061","IN","DigitalOcean, LLC","128","DigitalOcean, LLC","35448","socks4","2802","1","2023-07-07T10:06:48.007Z","82","2222","2703"
"43.153.81.168","elite","AS132203","US","Shenzhen Tencent Computer Systems Company Limited","184","Tencent Cloud Computing","443","socks4","140","1","2023-07-07T10:06:48.004Z","87","2372","2723"
"103.87.201.135","elite","AS58369","ID","PT. Fiber Networks Indonesia","162","PT. GARANSINDO INTER GLOBAL","4145","socks4","5094","1","2023-07-07T10:06:46.846Z","97","2669","2764"
"100.1.140.55","elite","AS701","US","Verizon Communications","84","MCI Communications Services, Inc. d/b/a Verizon Business","8080","socks4","5193","1","2023-07-07T10:06:46.848Z","100","2725","2726"
"8.219.11.125","elite","AS45102","SG","Alibaba (US) Technology Co., Ltd.","384","Alibaba.com Singapore E-Commerce Private Limited","443","socks5","4609","1","2023-07-07T10:06:46.935Z","71","1945","2730"
"45.7.177.206","elite","AS266626","BR","Litoral Telecom","188","Litoral Telecom","39867","socks4","2759","1","2023-07-07T10:06:46.850Z","99","2716","2740"
"170.78.92.30","elite","AS265500","BR","Almeirim Telecom Ltda - ME","299","Rede Ultra MF Telecom","5678","socks4","4808","1","2023-07-07T10:06:46.936Z","97","2691","2771"
"47.49.228.234","elite","AS20115","US","Charter Communications","197","Spectrum","80","socks5","4191","1","2023-07-07T10:06:46.937Z","100","2679","2689"
"125.141.139.60","elite","AS4766","KR","Korea Telecom","234","KORNET","5566","socks4","4608","1","2023-07-07T10:06:45.726Z","80","2210","2770"
"222.129.32.173","elite","AS4808","CN","China Unicom Beijing Province Network","275","N/A","57114","socks4","4406","2","2023-07-07T10:06:45.730Z","64","1722","2678"
"50.96.204.51","elite","AS7029","US","Windstream Communications LLC","116","Windstream Communications LLC","18351","socks4","5013","1","2023-07-07T10:06:45.732Z","100","2742","2751"
"143.255.177.161","elite","AS264641","CL","LanProject SPA","203","LanProject SPA","4153","socks4","4997","1","2023-07-07T10:06:45.727Z","100","2756","2760"
"45.7.177.185","elite","AS266626","BR","Litoral Telecom","189","Litoral Telecom","39867","socks4","4594","1","2023-07-07T10:06:45.731Z","98","2684","2750"
"190.14.229.242","elite","AS27951","CO","Media Commerce Partners S.A","166","Diversiones Del Oriente","5678","socks4","4902","1","2023-07-07T10:06:45.731Z","99","2755","2774"
"185.61.94.65","elite","AS48166","RU","Fortex CJSC","53","N/A","43110","socks4","4992","2","2023-07-07T10:06:45.732Z","100","2756","2760"
"68.183.221.156","elite","AS14061","DE","DigitalOcean, LLC","64","DigitalOcean, LLC","34297","socks4","2102","1","2023-07-07T10:06:45.728Z","100","2720","2721"
"186.183.158.186","elite","AS22368","CO","Telebucaramanga S.a. E.S.P.","165","Telebucaramanga S.a. E.S.P","5678","socks4","5095","1","2023-07-07T10:06:44.341Z","99","2672","2697"
"45.227.92.213","elite","AS266653","AR","Andros-net Comunicaciones S.R.L.","231","Andros-net Comunicaciones S.R.L","8080","socks4","4401","1","2023-07-07T10:06:44.342Z","94","2596","2771"
"75.119.204.185","elite","AS26347","US","New Dream Network, LLC","161","New Dream Network, LLC","42863","socks5","4895","1","2023-07-07T10:06:43.003Z","100","2744","2747"
"104.24.15.158","elite","AS13335","US","Cloudflare, Inc.","2","Cloudflare, Inc.","80","socks5","5009","2","2023-07-07T10:06:43.004Z","100","2731","2734"
"103.120.202.53","elite","AS63526","BD","Carnival Internet","186","N/A","5678","socks4","4990","1","2023-07-07T10:06:43.002Z","94","2557","2720"
"122.249.236.152","elite","AS4685","JP","ASAHI Net, Inc.","283","ASAHI","8080","socks4","5084","1","2023-07-07T10:06:43.006Z","97","2631","2721"
"197.234.13.42","elite","AS36902","SC","Intelvision","181","Intelvision Ltd","4145","socks4","4794","1","2023-07-07T10:06:43.000Z","100","2694","2705"
"122.112.209.105","elite","AS55990","CN","Huawei Cloud Service data center","191","Huawei Cloud Service","2080","socks4","4906","1","2023-07-07T10:06:43.005Z","78","2162","2773"
"165.225.240.95","elite","AS62044","NL","Zscaler Switzerland GmbH","11","Zscaler, Inc","10605","socks5","3894","1","2023-07-07T10:06:43.001Z","98","2695","2754"
"110.78.186.153","elite","AS131090","TH","CAT-BB","198","N/A","4145","socks4","4304","1","2023-07-07T10:06:42.436Z","74","2009","2700"
"104.19.120.84","elite","AS13335","US","Cloudflare, Inc.","86","Cloudflare, Inc.","80","socks5","4996","1","2023-07-07T10:06:42.434Z","100","2754","2755"
"45.8.107.142","elite","AS209242","DE","Cloudflare London","94","Araxio Development N.V","80","socks4","4315","1","2023-07-07T10:06:42.349Z","100","2712","2712"
"45.8.107.47","elite","AS209242","DE","Cloudflare London","11","Araxio Development N.V","80","socks4","4899","1","2023-07-07T10:06:42.946Z","100","2651","2651"
"137.110.161.153","elite","AS7377","US","University of California, San Diego","141","University of California, San Diego","80","socks4","4696","1","2023-07-07T10:06:42.999Z","100","2753","2755"
"200.212.2.71","elite","AS4230","BR","Claro S.A.","291","Claro S.A","61283","socks4","4411","1","2023-07-07T10:06:42.444Z","100","2733","2744"
"185.171.54.34","elite","AS44285","IR","Shahrad","97","N/A","4153","socks4","3596","1","2023-07-07T10:06:43.000Z","94","2595","2772"
"103.229.85.209","elite","AS133443","BD","Ashfakur Rahman Chowdhury","188","N/A","4145","socks4","5292","85","2023-07-07T10:06:42.443Z","99","2736","2773"
"112.109.20.198","elite","AS24521","ID","DATAUTAMANET","296","N/A","4153","socks4","4796","1","2023-07-07T10:06:42.438Z","98","2652","2693"
"103.47.95.81","elite","AS134058","IN","Broban Internet Services PVT Ltd.","137","Broban  PVT Ltd.","1080","socks4","4705","1","2023-07-07T10:06:42.351Z","99","2725","2746"
"46.227.37.17","elite","AS51155","PL","Telemedian - TB Telecom","40","Telemedian","1088","socks4","4812","1","2023-07-07T10:06:42.945Z","100","2749","2762"
"193.203.61.35","elite","AS41268","RU","LANTA Ltd","68","Lanta Networks","8443","socks5","4889","1","2023-07-07T10:06:40.606Z","100","2765","2765"
"89.191.237.89","elite","AS12389","RU","PJSC Rostelecom","97","PJSC Rostelecom","5678","socks4","4701","1","2023-07-07T10:06:40.134Z","100","2674","2685"
"159.65.253.201","elite","AS14061","US","DigitalOcean, LLC","79","Digital Ocean","51080","socks5","4994","1","2023-07-07T10:06:40.607Z","100","2661","2673"
"95.79.99.159","elite","AS42682","RU","JSC \"ER-Telecom Holding\"","51","JSC \"ER-Telecom Holding\" Nizhny Novgorod","44068","socks4","3793","1","2023-07-07T10:06:40.042Z","99","2643","2660"
"202.159.35.145","elite","AS9340","ID","PT IndoInternet","184","N/A","443","socks4","2402","1","2023-07-07T10:06:39.937Z","100","2735","2740"
"78.38.108.199","elite","AS58224","IR","Iran Telecommunication Company PJS","117","Abol Medical University","1080","socks5","3501","1","2023-07-07T10:06:39.936Z","74","2028","2747"
"27.123.1.33","elite","AS45706","ID","PT Tele Globe Global","196","N/A","4153","socks4","4904","1","2023-07-07T10:06:39.935Z","100","2763","2772"
"186.251.255.17","elite","AS267513","BR","Seanet Telecom Carazinho Eireli","206","Seanet Telecom Carazinho Eireli","31337","socks4","4604","1","2023-07-07T10:06:39.934Z","99","2741","2760"
"212.69.12.41","elite","AS52116","RS","Orion Telekom Tim d.o.o.Beograd","97","Orion Telekom Tim d.o.o.Beograd","1080","socks4","4612","1","2023-07-07T10:06:39.847Z","100","2753","2753"
"218.185.242.117","elite","AS4809","SG","China Telecom Next Generation Carrier Network","202","CTG","9050","socks4","5009","1","2023-07-07T10:06:38.817Z","100","2774","2774"
"196.2.13.12","elite","AS25429","BI","CBINET Burundi","257","Cbinet","4153","socks4","4790","2","2023-07-07T10:06:38.814Z","90","2470","2759"
"197.234.13.60","elite","AS36902","SC","Intelvision","174","Intelvision Ltd","4145","socks4","4812","1","2023-07-07T10:06:38.817Z","100","2719","2731"
"177.91.76.34","elite","AS263432","BR","Corporativa Telecomunicacoes Eireli ME","192","Corporativa Telecomunicacoes Eireli ME","4153","socks4","4922","1","2023-07-07T10:06:38.816Z","93","2576","2773"
"168.227.158.25","elite","AS52898","BR","Multipla ServiÔos Inteligentes","204","Multipla Serviços Inteligentes","4145","socks4","4798","1","2023-07-07T10:06:38.816Z","99","2766","2782"
"85.240.180.190","elite","AS3243","PT","PT Comunicacoes S.A.","34","PT Comunicacoes S.A.","5678","socks4","4489","1","2023-07-07T10:06:38.817Z","97","2671","2753"
"103.115.255.193","elite","AS137868","BD","Star Internet Service","187","Md. Murad Hossain Ripon","36331","socks4","5189","82","2023-07-07T10:06:36.704Z","97","2697","2770"
"1.20.207.225","elite","AS23969","TH","TOT Public Company Limited","154","TOT Mobile Co LTD","4153","socks4","4002","1","2023-07-07T10:06:36.636Z","94","2586","2754"
"113.160.58.230","elite","AS45899","VN","VietNam Post and Telecom Corporation","291","Vietnam Posts and Telecommunications Group","4145","socks4","5007","82","2023-07-07T10:06:36.236Z","70","1927","2772"
"106.14.222.35","elite","AS37963","CN","Alibaba (US) Technology Co","205","Aliyun Computing Co., LTD","61850","socks4","703","1","2023-07-07T10:06:36.336Z","80","2196","2762"
"213.136.69.153","elite","AS51167","DE","Contabo GmbH","18","Contabo GmbH","63791","socks5","4487","86","2023-07-07T10:06:36.634Z","100","2726","2727"
"203.30.191.92","elite","AS209242","US","Cloudflare London","15","Umpire Associates LTD","80","socks5","4717","1","2023-07-07T10:06:36.338Z","100","2690","2691"
"46.167.238.54","elite","AS16019","CZ","UPC Czech","83","Tkom Plus sro, customers space","5678","socks5","4639","1","2023-07-07T10:06:36.340Z","100","2685","2697"
"45.126.169.233","elite","AS134014","IN","NET 4 U SERVICES PVT LTD","198","NET 4 U Services PVT LTD","4145","socks4","4908","1","2023-07-07T10:06:36.637Z","99","2742","2760"
"104.18.136.28","elite","AS13335","US","Cloudflare, Inc.","2","Cloudflare, Inc.","80","socks4","4897","1","2023-07-07T10:06:36.339Z","100","2770","2770"
"212.154.251.210","elite","AS50482","KZ","JSC Kazakhtelecom","183","Limited liability company","5678","socks4","5184","1","2023-07-07T10:06:34.622Z","98","2679","2721"
"178.254.168.34","elite","AS205570","US","Turkcell Internet","75","Turkcell Iletisim Hizmetleri","3440","socks4","5001","1","2023-07-07T10:06:34.619Z","90","2482","2770"
"103.59.203.189","elite","AS134014","IN","NET 4 U SERVICES PVT LTD","123","NET 4 U Services PVT LTD","4145","socks4","4702","1","2023-07-07T10:06:34.618Z","99","2756","2777"
"89.25.23.210","elite","AS41313","BG","NOVATEL-AS","51","\"NOVATEL\" EOOD","4153","socks4","3905","1","2023-07-07T10:06:34.621Z","100","2769","2769"
"69.163.160.197","elite","AS26347","US","New Dream Network, LLC","160","New Dream Network, LLC","1645","socks4","4999","1","2023-07-07T10:06:34.619Z","100","2775","2776"
"186.251.255.49","elite","AS267513","BR","Seanet Telecom Carazinho Eireli","205","Seanet Telecom Carazinho Eireli","31337","socks4","5096","1","2023-07-07T10:06:34.617Z","99","2741","2758"
"169.255.139.5","elite","AS36892","SS","IPTEC South Sudan","200","Iptec LTD","60279","socks4","4885","1","2023-07-07T10:06:34.621Z","98","2692","2737"
"43.153.177.44","elite","AS132203","JP","Shenzhen Tencent Computer Systems Company Limited","233","Tencent Cloud Computing","443","socks4","5084","1","2023-07-07T10:06:34.620Z","66","1806","2730"
"102.64.116.254","elite","AS328500","CG","A.M.C Telecom","200","A.M.C Telecom","4145","socks4","4398","1","2023-07-07T10:06:33.447Z","98","2717","2773"
"104.20.225.218","elite","AS13335","US","Cloudflare, Inc.","82","Cloudflare, Inc.","80","socks4","4405","1","2023-07-07T10:06:33.439Z","100","2763","2764"
"180.183.204.143","elite","AS45629","TH","Triple T Broadband Public Company Limited","207","Triple T Broadband Public Company Limited","8080","socks4","4106","1","2023-07-07T10:06:33.434Z","89","2451","2745"
"120.50.40.184","elite","AS17547","SG","M1 NET LTD","195","M1 NET LTD","3128","socks4","4998","1","2023-07-07T10:06:33.443Z","100","2707","2708"
"104.129.205.25","elite","AS22616","US","ZSCALER, INC.","90","Zscaler, Inc.","54321","socks5","5098","1","2023-07-07T10:06:33.446Z","95","2537","2657"
"154.29.227.162","elite","AS46261","US","QuickPacket, LLC","90","Aventice LLC","8081","socks4","4828","1","2023-07-07T10:06:33.445Z","98","2641","2704"
"85.237.51.73","elite","AS12389","RU","PJSC Rostelecom","62","PJSC Rostelecom","4145","socks4","4390","1","2023-07-07T10:06:33.348Z","99","2727","2764"
"103.47.93.113","elite","AS134058","IN","Broban Internet Services Pvt.ltd","137","Broban  PVT Ltd.","1080","socks4","4809","1","2023-07-07T10:06:32.342Z","99","2725","2749"
"124.131.202.102","elite","AS4837","CN","CNC Group CHINA169 Shandong Province Network","184","N/A","3128","socks5","4805","1","2023-07-07T10:06:32.342Z","53","1471","2765"
"103.31.84.122","elite","AS7642","MV","Dhiraagu Pvt.Ltd","189","Dhivehi Raajjeyge Gulhun Plc","1080","socks4","4691","1","2023-07-07T10:06:32.341Z","100","2764","2774"
"138.201.81.62","elite","AS24940","DE","Hetzner Online GmbH","22","Hetzner","30082","socks4","4992","1","2023-07-07T10:06:32.343Z","100","2729","2729"
"178.253.201.11","elite","AS9125","RS","Orion Telekom ISP IP Network","55","N/A","1080","socks4","4505","1","2023-07-07T10:06:31.246Z","100","2743","2753"
"170.254.255.247","elite","AS52584","BR","Connect Fibra","286","Connect Fibra","45816","socks4","4302","1","2023-07-07T10:06:31.140Z","98","2624","2664"
"81.199.14.17","elite","AS36892","GB","IPTEC Limited","291","Gilat Satcom Ltd.","1088","socks4","4796","1","2023-07-07T10:06:31.143Z","96","2624","2739"
"31.43.179.160","elite","AS209242","KZ","Cloudflare London, LLC","11","\"Betting company PM Bet\" LLC","80","socks4","4998","1","2023-07-07T10:06:31.144Z","100","2659","2659"
"103.36.11.122","elite","AS133360","ID","PT Awinet Global Mandiri","193","N/A","4145","socks4","4908","1","2023-07-07T10:06:30.129Z","54","1493","2776"
"179.107.83.235","elite","AS52545","BR","BJ NET Provedor de Internet Ltda. - ME","223","BJ NET Provedor de Internet Ltda. - ME","5678","socks4","4500","82","2023-07-07T10:06:30.127Z","99","2726","2747"
"103.140.75.11","elite","AS138891","ID","PT Kayong Muara Teknoindo","199","N/A","5678","socks4","4908","1","2023-07-07T10:06:30.124Z","96","2669","2767"
"35.230.154.184","elite","AS396982","GB","Google LLC","13","Google Cloud (europe-west2)","3128","socks4","4399","1","2023-07-07T10:06:30.125Z","62","1698","2723"
"68.183.7.47","elite","AS14061","NL","DigitalOcean, LLC","15","DigitalOcean, LLC","7497","socks5","5291","1","2023-07-07T10:06:30.129Z","100","2662","2664"
"47.252.4.1","elite","AS45102","US","Alibaba.com LLC","81","ALICLOUD-US","80","socks4","5003","1","2023-07-07T10:06:30.126Z","80","2144","2671"
"180.241.252.242","elite","AS7713","ID","PT. TELKOM INDONESIA","185","N/A","8080","socks4","4993","1","2023-07-07T10:06:29.236Z","82","2179","2651"
"190.69.24.18","elite","AS3816","CO","Colombia Telecomunicaciones S.a. ESP","196","Colombia Telecomunicaciones S.a. ESP","5678","socks4","5099","1","2023-07-07T10:06:29.235Z","98","2659","2717"
"125.253.125.132","elite","AS45538","VN","ODS Joint Stock Company","184","ODSJSC","46051","socks4","4999","1","2023-07-07T10:06:29.154Z","97","2614","2695"
"185.169.181.20","elite","AS34984","TR","Ates Dc","86","Ibrahim MALA trading as Ates Dc","4145","socks4","3210","1","2023-07-07T10:06:29.337Z","100","2721","2723"
"43.229.254.163","elite","AS23679","ID","Media Antar Nusa PT.","168","Nusanet","1080","socks4","4697","1","2023-07-07T10:06:29.233Z","98","2664","2732"
"80.80.167.246","elite","AS21246","AL","IPKO Telecommunications LLC","83","N/A","10801","socks4","3094","1","2023-07-07T10:06:29.237Z","100","2750","2752"
"140.83.52.194","elite","AS31898","JP","Oracle Corporation","238","Oracle Cloud Infrastructure (ap-osaka-1)","59793","socks5","5002","1","2023-07-07T10:06:27.717Z","98","2711","2756"
"41.184.106.17","elite","AS29091","NG","ipNX Nigeria Limited","177","ipNX NIGERIA LIMITED","5678","socks4","3304","1","2023-07-07T10:06:27.718Z","96","2638","2752"
"187.210.136.88","elite","AS8151","MX","Uninet S.A. de C.V.","166","Uninet S.A. de C.V","4153","socks4","4902","1","2023-07-07T10:06:27.719Z","100","2754","2762"
"183.89.249.192","elite","AS45629","TH","Triple T Broadband Public Company Limited","167","Triple T Broadband Public Company Limited","4153","socks4","4899","53","2023-07-07T10:06:27.718Z","94","2546","2697"
"103.85.103.17","elite","AS135788","IN","Vedant Broadband","151","N/A","5678","socks4","3799","1","2023-07-07T10:06:27.719Z","100","2738","2751"
"162.0.220.216","elite","AS22612","US","Namecheap, Inc.","173","Namecheap, Inc.","38304","socks5","5004","1","2023-07-07T10:06:27.715Z","100","2748","2754"
"45.7.177.249","elite","AS266626","BR","Litoral Telecom","171","Litoral Telecom","39867","socks4","4811","1","2023-07-07T10:06:26.836Z","99","2742","2767"
"75.119.203.42","elite","AS26347","US","New Dream Network, LLC","189","New Dream Network, LLC","15745","socks4","5097","1","2023-07-07T10:06:26.839Z","100","2757","2758"
"185.92.222.127","elite","AS20473","NL","The Constant Company","19","Vultr Holdings LLC Amsterdam","9100","socks5","4404","1","2023-07-07T10:06:26.838Z","100","2763","2764"
"190.2.144.46","elite","AS49981","NL","WorldStream B.V.","11","WorldStream B.V","18013","socks4","4907","1","2023-07-07T10:06:26.939Z","78","2066","2659"
"110.11.37.83","elite","AS9318","KR","SK Broadband Co Ltd","283","SK Broadband Co Ltd","1080","socks4","4791","1","2023-07-07T10:06:26.841Z","100","2754","2763"
"116.111.119.88","elite","AS7552","VN","Viettel Corporation","284","Viettel Group","6666","socks4","4905","1","2023-07-07T10:06:24.048Z","10","267","2696"
"103.127.21.42","elite","AS137645","IN","Macro Signal Pvt Ltd","156","Macro Signal Pvt Ltd","5678","socks5","4705","1","2023-07-07T10:06:24.924Z","37","997","2674"
"59.59.51.74","elite","AS4134","CN","Chinanet","288","Chinanet FJ","8001","socks5","5072","1","2023-07-07T10:06:24.051Z","77","2086","2711"
"104.16.108.149","elite","AS13335","US","Cloudflare, Inc.","3","Cloudflare, Inc.","80","socks4","2806","1","2023-07-07T10:06:24.042Z","100","2667","2667"
"203.119.147.187","elite","AS37963","CN","Hangzhou Alibaba Advertising Co., Ltd.","186","Addresses CNNIC","80","socks5","3597","1","2023-07-07T10:06:24.047Z","74","2002","2717"
"38.127.179.19","elite","AS174","US","Cogent Communications","80","Torlandia Trading SRL","55994","socks5","5094","1","2023-07-07T10:06:24.923Z","100","2684","2686"
"95.182.78.11","elite","AS50648","UA","PE UAinet","46","PE UAinet","5678","socks4","5039","1","2023-07-07T10:06:24.050Z","99","2715","2738"
"103.95.97.186","elite","AS136759","BD","Cosmopolitan Communications Limited","186","Cosmopolitan Communications Limited","31244","socks4","4805","87","2023-07-07T10:06:24.049Z","97","2685","2758"
"147.139.199.251","elite","AS45102","ID","Alibaba.com LLC","196","ALICLOUD-ID","61524","socks5","5012","1","2023-07-07T10:06:24.043Z","100","2763","2772"
"185.169.181.14","elite","AS34984","TR","Ates Dc","92","Ibrahim MALA trading as Ates Dc","4145","socks4","4602","1","2023-07-07T10:06:24.922Z","100","2710","2712"
"8.210.154.47","elite","AS45102","HK","Alibaba (US) Technology Co., Ltd.","266","Alibaba.com Singapore E-Commerce Private Limited","53367","socks4","4998","1","2023-07-07T10:06:24.925Z","84","2293","2733"
"149.20.253.80","elite","AS18615","US","Mainstream Fiber Networks, LLC","179","Mainstream Fiber Networks, LLC","12551","socks4","3594","87","2023-07-07T10:06:24.146Z","100","2736","2737"
"173.212.234.67","elite","AS51167","DE","Contabo GmbH","100","Contabo GmbH","51924","socks5","4802","1","2023-07-07T10:06:24.046Z","87","2382","2723"
"38.127.172.28","elite","AS174","US","Cogent Communications","81","Torlandia Trading SRL","11537","socks4","4694","1","2023-07-07T10:06:23.216Z","100","2719","2721"
"171.35.172.147","elite","AS4837","CN","China Unicom Jiangxi Province Network","190","N/A","9999","socks4","3694","1","2023-07-07T10:06:23.215Z","64","1695","2655"
"168.227.158.49","elite","AS52898","BR","Multipla ServiÔos Inteligentes","201","Multipla Serviços Inteligentes","4145","socks4","4400","1","2023-07-07T10:06:23.217Z","99","2740","2758"
"185.66.59.192","elite","AS200509","ES","Solucions Valencianes i Noves Tecnologies SL","28","Svint","42647","socks4","4677","1","2023-07-07T10:06:23.216Z","87","2415","2763"
"36.66.36.252","elite","AS7713","ID","PT. Telekomunikasi Indonesia","174","N/A","4153","socks4","4802","1","2023-07-07T10:06:23.213Z","100","2769","2776"
"165.22.58.191","elite","AS14061","SG","DigitalOcean, LLC","191","DigitalOcean, LLC","42311","socks5","4996","1","2023-07-07T10:06:21.130Z","90","2515","2780"
"103.54.148.34","elite","AS134128","BD","Mega Speed","187","N/A","1080","socks4","4100","1","2023-07-07T10:06:21.130Z","99","2756","2770"
"77.37.155.85","elite","AS42610","RU","NCNET","54","N/A","1080","socks5","4305","1","2023-07-07T10:06:21.443Z","90","2469","2732"
"103.124.95.254","elite","AS131353","VN","NhanHoa Software company","194","NhanHoa Software company","55338","socks4","4699","1","2023-07-07T10:06:21.444Z","96","2644","2768"
"203.28.8.65","elite","AS209242","CY","Cloudflare London, LLC","15","Lachtaristo Holdings Limited","80","socks4","4990","1","2023-07-07T10:06:21.127Z","100","2735","2735"
"192.12.113.225","elite","AS61942","BR","Turbonet Telecom Ltda","216","Turbonet Telecom Ltda","4145","socks4","4400","1","2023-07-07T10:06:21.128Z","72","1957","2715"
"216.107.129.72","elite","AS61317","US","Ipxo LLC","95","N/A","10180","socks5","4907","1","2023-07-07T10:06:21.126Z","100","2698","2698"
"45.196.151.120","elite","AS7018","US","AT&T Services","95","AQUA Networks Limited","5432","socks4","4706","1","2023-07-07T10:06:21.447Z","97","2621","2700"
"192.241.249.237","elite","AS14061","US","DigitalOcean, LLC","83","Digital Ocean","41745","socks4","4704","1","2023-07-07T10:06:21.127Z","100","2754","2760"
"185.220.226.235","elite","AS205585","TR","Noyan Abr Arvan Co. ( Private Joint Stock)","101","Noyan Abr Arvan Co. ( Private Joint Stock)","808","socks4","4302","4","2023-07-07T10:06:19.037Z","82","2199","2670"
"46.227.162.98","elite","AS31059","RU","Avelacom","58","N/A","33802","socks4","5002","1","2023-07-07T10:06:19.133Z","99","2758","2772"
"178.76.254.130","elite","AS15774","RU","Electro-com Rostov","90","ZAO \"Electro-Com Don\"","4145","socks4","4999","1","2023-07-07T10:06:19.035Z","99","2757","2771"
"203.24.103.8","elite","AS209242","VG","Cloudflare London, LLC","18","Anaga Consulting Limited","80","socks4","4797","1","2023-07-07T10:06:18.946Z","100","2673","2674"
"139.59.128.40","elite","AS14061","DE","DIGITALOCEAN","27","DigitalOcean, LLC","2016","socks5","3310","1","2023-07-07T10:06:18.738Z","100","2759","2760"
"175.139.208.117","elite","AS4788","MY","Tmnet, Telekom Malaysia Bhd.","163","Adsl Streamyx","8080","socks5","5089","1","2023-07-07T10:06:18.739Z","88","2323","2646"
"89.161.89.161","elite","AS39375","PL","Telekomunikacja Podlasie sp. z o.o.","39","TPODLASIE CATV Network","5678","socks4","4900","1","2023-07-07T10:06:18.740Z","99","2754","2774"
"174.108.154.1","elite","AS11426","US","Spectrum","107","Fastlink Communications","32940","socks4","175","1","2023-07-07T10:06:18.942Z","100","2771","2773"
"87.255.13.217","elite","AS35810","RU","BIG TELECOM CLOSED JSC","49","N/A","8080","socks4","5096","1","2023-07-07T10:06:18.741Z","100","2756","2763"
"104.25.194.175","elite","AS13335","US","Cloudflare, Inc.","3","Cloudflare, Inc.","80","socks5","4792","1","2023-07-07T10:06:18.738Z","100","2695","2695"
"178.128.119.195","elite","AS14061","SG","DigitalOcean, LLC","196","Digitalocean","3128","socks4","4997","1","2023-07-07T10:06:18.944Z","100","2718","2719"
"75.119.206.134","elite","AS26347","US","New Dream Network, LLC","151","New Dream Network, LLC","32524","socks5","5000","1","2023-07-07T10:06:18.741Z","100","2750","2752"
"51.68.125.26","elite","AS16276","FR","OVH SAS","6","OVH","7497","socks5","4507","82","2023-07-07T10:06:17.044Z","100","2738","2738"
"58.22.95.34","elite","AS4837","CN","CNCGroup CHINA169 FuJian province network","181","N/A","1080","socks4","4812","1","2023-07-07T10:06:16.026Z","51","1365","2652"
"201.33.161.234","elite","AS53181","BR","K2 Telecom e Multimidia LTDA ME","195","K2 Telecom e Multimidia LTDA ME","4153","socks4","4405","1","2023-07-07T10:06:16.029Z","62","1648","2671"
"185.32.47.105","elite","AS200154","AZ","Izone LLC","74","BossNet LLC","4153","socks4","5004","1","2023-07-07T10:06:16.030Z","100","2657","2662"
"49.156.1.173","elite","AS38901","KH","EZECOM limited","235","EZECOM limited","5678","socks4","5096","1","2023-07-07T10:06:16.941Z","71","1913","2702"
"89.162.185.34","elite","AS15895","UA","SOL Network","41","N/A","1080","socks5","4715","1","2023-07-07T10:06:16.940Z","99","2758","2775"
"171.249.156.0","elite","AS7552","VN","Viettel Corporation","240","VIETEL","5678","socks4","3707","85","2023-07-07T10:06:16.938Z","90","2478","2760"
"8.219.135.23","elite","AS45102","SG","Alibaba (US) Technology Co., Ltd.","327","Alibaba.com Singapore E-Commerce Private Limited","443","socks4","4104","1","2023-07-07T10:06:16.027Z","99","2711","2735"
"222.129.34.55","elite","AS4808","CN","China Unicom Beijing Province Network","251","N/A","57114","socks4","5006","1","2023-07-07T10:06:16.025Z","57","1568","2763"
"103.23.102.1","elite","AS58400","ID","Universitas Negeri Semarang, y","196","UNNES","4145","socks4","5188","1","2023-07-07T10:06:16.937Z","100","2773","2775"
"195.201.147.185","elite","AS24940","DE","Hetzner Online GmbH","16","Hetzner","1080","socks4","5093","1","2023-07-07T10:06:16.031Z","99","2738","2757"
"36.89.129.213","elite","AS7713","ID","PT. Telekomunikasi Indonesia","232","Telekomunikasi Indonesia","5678","socks4","3900","1","2023-07-07T10:06:16.029Z","64","1786","2772"
"181.114.232.59","elite","AS265714","CL","TV CABLE DEL SUR LTDA","297","TV CABLE DEL SUR EIRL","31337","socks4","4907","1","2023-07-07T10:06:16.935Z","99","2746","2769"
"87.249.212.26","elite","AS41925","RU","IZet-Telecom Ural","97","N/A","4145","socks4","4486","1","2023-07-07T10:06:16.030Z","100","2771","2782"
"143.255.249.74","elite","AS61468","EC","CEDIA","195","Universidad Tecnologica Israel","7497","socks5","4489","1","2023-07-07T10:06:14.536Z","96","2577","2690"
"189.57.119.114","elite","AS10429","BR","Vivo","290","TELEF�NICA BRASIL S.A","5678","socks4","2985","1","2023-07-07T10:06:14.453Z","99","2738","2763"
"200.77.186.181","elite","AS61444","CL","Enlaces Regionales de Chile S.A.","248","Enlaces Regionales de Chile S.A","4145","socks5","4992","1","2023-07-07T10:06:14.540Z","99","2711","2736"
"177.125.161.223","elite","AS262346","BR","FP Telecomunicacoes Ltda","211","FP Telecomunicacoes Ltda","4145","socks4","4913","1","2023-07-07T10:06:14.452Z","76","2052","2711"
"157.230.183.230","elite","AS14061","US","DigitalOcean, LLC","83","DigitalOcean, LLC","41027","socks5","4798","1","2023-07-07T10:06:14.733Z","100","2725","2737"
"88.135.44.201","elite","AS57391","IR","Laser Company Ltd","188","Laser Company Ltd","4153","socks4","5088","1","2023-07-07T10:06:14.541Z","88","2332","2653"
"218.91.158.230","elite","AS4134","CN","Chinanet","195","N/A","7302","socks5","5089","1","2023-07-07T10:06:14.534Z","78","2143","2759"
"190.211.161.210","elite","AS262589","CL","INTERNEXA Chile S.A","214","Tumundo Digital Telecomunicaciones SPA","32410","socks4","4813","1","2023-07-07T10:06:13.618Z","99","2741","2781"
"201.76.122.177","elite","AS262794","BR","Vero S.A","216","Vero S.A","20183","socks4","4800","1","2023-07-07T10:06:13.619Z","95","2618","2748"
"104.20.75.132","elite","AS13335","US","Cloudflare, Inc.","2","Cloudflare, Inc.","80","socks4","5002","1","2023-07-07T10:06:13.619Z","100","2756","2756"
"139.255.45.67","elite","AS9905","ID","PT. LINKNET","196","N/A","5678","socks4","4601","1","2023-07-07T10:06:13.620Z","98","2714","2763"
"50.47.75.211","elite","AS20055","US","Wholesail networks LLC","192","Ziply Fiber","5678","socks4","4726","1","2023-07-07T10:06:13.621Z","97","2667","2751"
"120.192.224.43","elite","AS9808","CN","China Mobile communications corporation","279","China Mobile","7302","socks5","5006","1","2023-07-07T10:06:13.618Z","76","2045","2707"
"173.177.85.227","elite","AS5769","CA","Videotron Telecom Ltee","97","Videotron Ltee","80","socks5","4505","1","2023-07-07T10:06:12.040Z","100","2669","2670"
"138.36.150.16","elite","AS263729","AR","Pedraza Luis Eduardo","289","Pedraza Luis Eduardo","1080","socks4","4701","1","2023-07-07T10:06:12.043Z","99","2699","2717"
"45.12.31.3","elite","AS209242","GB","Cloudflare London, LLC","15","LIR Services","80","socks4","4407","1","2023-07-07T10:06:12.034Z","100","2690","2693"
"197.234.13.90","elite","AS36902","SC","Intelvision","171","Intelvision Ltd","4145","socks4","4790","1","2023-07-07T10:06:12.044Z","100","2710","2723"
"103.60.187.1","elite","AS135729","IN","Digital Telco Network India Pvt. Ltd.","139","Digital Telco Network India Pvt. Ltd.","60189","socks4","4510","2","2023-07-07T10:06:11.049Z","99","2749","2772"
"31.217.213.227","elite","AS24631","IR","Tose'h Fanavari Ertebabat Pasargad Arian Co. PJS","178","Fanaptelecom Network","8090","socks4","5095","1","2023-07-07T10:06:11.101Z","76","2089","2737"
"103.140.205.133","elite","AS139282","BD","Novus Network","194","Md. Riduanul Kabir","1080","socks4","4905","2","2023-07-07T10:06:11.100Z","61","1689","2759"
"110.78.146.14","elite","AS131090","TH","CAT-BB","194","N/A","4145","socks4","4601","1","2023-07-07T10:06:11.103Z","90","2504","2771"
"192.99.35.177","elite","AS16276","CA","OVH SAS","84","OVH Hosting, Inc.","36077","socks4","5002","1","2023-07-07T10:06:11.102Z","7","176","2659"
"5.226.125.10","elite","AS12741","PL","NETIA","32","Patrol Group","10801","socks4","4989","1","2023-07-07T10:06:11.099Z","100","2763","2768"
"128.199.142.101","elite","AS14061","SG","DigitalOcean, LLC","193","DigitalOcean, LLC","10106","socks5","4903","1","2023-07-07T10:06:11.103Z","100","2763","2766"
"111.225.153.169","elite","AS4134","CN","Chinanet","214","Chinanet HE","8089","socks4","4685","1","2023-07-07T10:06:11.100Z","61","1611","2649"
"185.200.38.229","elite","AS202561","TR","High Speed Telekomunikasyon ve Hab. Hiz. Ltd. Sti.","93","High Speed Telekomunikasyon ve Hab. Hiz. Ltd. Sti","10820","socks5","4492","1","2023-07-07T10:06:11.118Z","96","2634","2745"
"140.83.51.186","elite","AS31898","JP","Oracle Corporation","243","Oracle Cloud Infrastructure (ap-osaka-1)","1080","socks4","613","1","2023-07-07T10:06:11.102Z","94","2607","2762"
"185.162.230.201","elite","AS209242","GB","Cloudflare London, LLC","19","Softconstruct Limited","80","socks4","4706","1","2023-07-07T10:06:11.101Z","100","2774","2774"
"45.226.2.1","elite","AS266987","BR","Web - Link Telecomunicações e Engenharia","230","Web - Link Telecomunicações e Engenharia","4153","socks4","4602","1","2023-07-07T10:06:11.959Z","100","2721","2731"
"103.76.190.210","elite","AS135758","IN","Alacriy Net System Service Private Limited","169","Alacriy Net System Service Private Limited","58275","socks5","4796","1","2023-07-07T10:06:11.099Z","99","2724","2762"
"121.101.186.201","elite","AS38785","ID","BAGUSNET","284","N/A","43296","socks4","4910","1","2023-07-07T10:06:08.442Z","93","2582","2782"
"170.254.255.231","elite","AS52584","BR","Connect Fibra","215","Connect Fibra","45816","socks4","4594","83","2023-07-07T10:06:08.721Z","99","2727","2766"
"66.33.212.139","elite","AS26347","US","New Dream Network, LLC","97","New Dream Network, LLC","17567","socks4","5002","1","2023-07-07T10:06:08.441Z","100","2749","2753"
"69.163.163.6","elite","AS26347","US","New Dream Network, LLC","179","New Dream Network, LLC","37884","socks5","5095","1","2023-07-07T10:06:08.717Z","100","2748","2750"
"203.176.141.166","elite","AS38235","KH","Angkor Data Communication","195","Mekongnet","4145","socks4","3597","1","2023-07-07T10:06:08.439Z","100","2719","2728"
"103.47.93.233","elite","AS134058","IN","Broban Internet Services Pvt.ltd","150","Broban  PVT Ltd.","1080","socks4","5096","1","2023-07-07T10:06:08.719Z","99","2758","2775"
"91.187.55.39","elite","AS34093","CZ","Nordic Telecom Regional s.r.o.","82","Kuznik","5678","socks4","5001","1","2023-07-07T10:06:08.436Z","99","2700","2721"
"38.127.173.169","elite","AS174","US","Cogent Communications","81","Torlandia Trading SRL","42908","socks5","4411","1","2023-07-07T10:06:08.720Z","100","2699","2700"
"113.77.243.96","elite","AS4134","CN","Chinanet","213","Chinanet GD","8118","socks5","4506","1","2023-07-07T10:06:08.717Z","35","982","2767"
"159.203.114.105","elite","AS14061","US","DigitalOcean, LLC","95","Digital Ocean","18931","socks4","5193","1","2023-07-07T10:06:08.443Z","100","2667","2674"
"114.235.28.76","elite","AS4134","CN","Chinanet","191","Chinanet JS","2829","socks4","4911","1","2023-07-07T10:06:08.718Z","56","1500","2701"
"66.33.212.161","elite","AS26347","US","New Dream Network, LLC","81","New Dream Network, LLC","15891","socks4","5109","1","2023-07-07T10:06:08.440Z","100","2757","2763"
"91.90.114.237","elite","AS49787","PL","STRONG-PC","34","STRONG-PC Tomasz Piekarski","1080","socks5","4811","1","2023-07-07T10:06:06.031Z","85","2341","2748"
"103.211.8.189","elite","AS135691","IN","Cloudlasers Broadband","167","N/A","44581","socks4","5090","1","2023-07-07T10:06:06.030Z","100","2736","2738"
"45.32.1.78","elite","AS20473","US","Choopa","86","Vultr Holdings, LLC","11788","socks4","5068","1","2023-07-07T10:06:06.027Z","93","2532","2717"
"103.59.203.133","elite","AS134014","IN","NET 4 U SERVICES PVT LTD","125","NET 4 U Services PVT LTD","4145","socks4","5094","1","2023-07-07T10:06:06.032Z","99","2743","2768"
"110.77.186.6","elite","AS131090","TH","CAT-BB","174","N/A","62225","socks5","4906","1","2023-07-07T10:06:06.029Z","83","2209","2677"
"59.98.148.27","elite","AS9829","IN","BSNL Internet","272","NIB","5678","socks4","5009","1","2023-07-07T10:06:06.031Z","96","2657","2776"
"177.66.195.114","elite","AS262503","BR","Wiki Telecomunicacoes Eireli","207","Maranhão Telecom ltda ME","4145","socks4","4891","1","2023-07-07T10:06:06.028Z","99","2723","2758"
"138.68.236.23","elite","AS14061","US","DigitalOcean, LLC","151","Digital Ocean","3128","socks5","5095","1","2023-07-07T10:06:06.027Z","100","2749","2750"
"31.170.19.5","elite","AS42099","LV","DNET ITRisinajumi Ltd.","49","Sia Nano IT","4153","socks4","4800","1","2023-07-07T10:06:06.026Z","100","2765","2769"
"91.230.199.174","elite","AS57102","UA","Elektron-Service LLC","72","Grand","10001","socks4","5018","1","2023-07-07T10:06:06.029Z","94","2623","2779"
"85.143.254.20","elite","AS56534","RU","Comfortel Ltd.","88","Comfortel Ltd","8080","socks4","4209","1","2023-07-07T10:06:05.834Z","100","2759","2770"
"191.7.189.184","elite","AS263329","BR","FIBERCOM Telecomunicações","301","FIBERCOM Telecomunicações","5678","socks4","4693","1","2023-07-07T10:06:05.835Z","96","2562","2673"
"185.206.80.227","elite","AS210021","IQ","DIL Technology Limited","75","Diltechnology","10801","socks4","4891","1","2023-07-07T10:06:05.942Z","38","1060","2777"
"45.233.2.1","elite","AS267303","BR","Centro Oeste Provedor","297","Centro Oeste Provedor","4153","socks4","5005","1","2023-07-07T10:06:05.836Z","99","2751","2767"
"103.85.192.192","elite","AS136266","BD","Automation System","190","Router","4153","socks4","4700","1","2023-07-07T10:06:05.838Z","99","2742","2780"
"197.234.13.70","elite","AS36902","SC","Intelvision","166","Intelvision Ltd","4145","socks4","3802","1","2023-07-07T10:06:05.837Z","100","2686","2698"
"113.121.66.250","elite","AS4134","CN","Chinanet","197","Chinanet SD","1080","socks5","3894","1","2023-07-07T10:06:05.749Z","55","1482","2707"
"161.97.88.197","elite","AS51167","DE","Contabo GmbH","97","Contabo GmbH","18722","socks4","4989","1","2023-07-07T10:06:05.940Z","100","2720","2725"
"103.208.203.1","elite","AS133275","IN","Gigantic","150","N/A","5678","socks4","3198","1","2023-07-07T10:06:05.838Z","99","2713","2746"
"104.17.248.164","elite","AS13335","US","Cloudflare, Inc.","2","Cloudflare, Inc.","80","socks4","4558","1","2023-07-07T10:06:03.612Z","100","2703","2703"
"45.126.168.81","elite","AS134014","IN","NET 4 U SERVICES PVT LTD","198","NET 4 U Services PVT LTD","4145","socks4","4694","82","2023-07-07T10:06:03.642Z","99","2745","2764"
"203.205.55.161","elite","AS45903","VN","CMC Telecom Infrastructure Company","291","CMC Telecom Infrastructure Company","5678","socks4","4611","1","2023-07-07T10:06:03.644Z","99","2716","2742"
"183.89.97.96","elite","AS45629","TH","Triple T Broadband Public Company Limited","181","Triple T Broadband Public Company Limited","8080","socks4","4708","1","2023-07-07T10:06:03.646Z","96","2600","2719"
"119.148.45.182","elite","AS23923","BD","Agni Systems Limited","186","Agni Systems Ltd.","1088","socks4","2098","1","2023-07-07T10:06:03.644Z","98","2598","2653"
"58.35.206.18","elite","AS4812","CN","China Telecom (Group)","196","Chinanet SH","4145","socks4","3611","1","2023-07-07T10:06:03.640Z","60","1605","2682"
"181.78.13.93","elite","AS52468","CO","IFX Networks Argentina S.R.L","190","UFINET COLOMBIA, S. A","5678","socks4","4304","1","2023-07-07T10:06:03.641Z","99","2749","2770"
"104.16.224.33","elite","AS13335","US","Cloudflare, Inc.","2","Cloudflare, Inc.","80","socks4","4793","1","2023-07-07T10:06:03.613Z","100","2768","2771"
"110.34.166.180","elite","AS45652","SG","Krypt Technologies","247","Vpls Sin1","4153","socks4","5006","1","2023-07-07T10:06:01.245Z","100","2752","2761"
"187.44.146.2","elite","AS28186","BR","ITS TELECOMUNICACOES LTDA","184","ITS TELECOMUNICACOES LTDA","32139","socks4","4490","1","2023-07-07T10:06:01.811Z","67","1840","2766"
"47.108.139.45","elite","AS37963","CN","Hangzhou Alibaba Advertising Co","265","Aliyun Computing Co., LTD","7890","socks4","4798","1","2023-07-07T10:06:01.812Z","78","2085","2664"
"38.127.173.165","elite","AS174","US","Cogent Communications","95","Torlandia Trading SRL","46656","socks4","4701","1","2023-07-07T10:06:01.349Z","100","2700","2704"
"124.105.187.68","elite","AS9299","PH","Philippine Long Distance Telephone Co.","274","Philippine Long Distance Telephone Company","13629","socks4","5002","1","2023-07-07T10:06:01.811Z","98","2728","2771"
"159.192.240.90","elite","AS131090","TH","CAT-BB","173","N/A","4145","socks4","4714","1","2023-07-07T10:06:01.247Z","37","999","2719"
"185.66.59.4","elite","AS200509","ES","Solucions Valencianes i Noves Tecnologies SL","68","Svint","42647","socks4","4791","1","2023-07-07T10:06:01.242Z","100","2764","2769"
"39.108.139.217","elite","AS37963","CN","Hangzhou Alibaba Advertising Co","300","Aliyun Computing Co., LTD","11188","socks5","4712","1","2023-07-07T10:06:01.250Z","75","2082","2758"
"123.59.100.247","elite","AS23724","CN","CloudVsp.Inc","187","N/A","1080","socks4","5091","1","2023-07-07T10:06:01.246Z","74","2057","2779"
"41.184.211.21","elite","AS29091","NG","ipNX Nigeria Limited","192","ipNX NIGERIA LIMITED","5678","socks4","4802","1","2023-07-07T10:06:01.248Z","81","2215","2741"
"88.135.43.122","elite","AS57391","IR","Laser Company Ltd","104","Laser Company Ltd","5678","socks5","4796","1","2023-07-07T10:06:01.811Z","86","2314","2687"
"159.138.43.96","elite","AS136907","HK","Huawei International Pte. Ltd.","259","N/A","1080","socks5","5087","1","2023-07-07T10:06:01.810Z","95","2627","2760"
"185.110.124.121","elite","AS204218","DE","Friedrich Kecht & Gerhard Guggenbichler Gbr","26","DHCP CUST Unternberg","1080","socks4","4311","2","2023-07-07T10:06:01.809Z","69","1897","2751"
"181.65.121.34","elite","AS6147","PE","TDP-GRS","175","PE-TDP-GRS","8080","socks4","5101","1","2023-07-07T10:06:01.249Z","100","2647","2650"
"81.174.37.114","elite","AS35612","IT","NGI","33","NGI SpA","8080","socks4","4490","1","2023-07-07T10:06:01.812Z","99","2657","2676"
"203.13.32.236","elite","AS209242","CY","Cloudflare London, LLC","15","Lachtaristo Holdings Limited","80","socks4","4782","1","2023-07-07T10:06:01.810Z","100","2667","2667"
"43.242.242.140","elite","AS17882","MN","MCS Com Co Ltd","262","OrbitNet LLC","5678","socks4","3366","1","2023-07-07T10:05:59.530Z","98","2675","2732"
"109.94.182.128","elite","AS44895","RU","MTS PJSC","92","Antenna-Garant","4145","socks4","607","1","2023-07-07T10:05:59.529Z","95","2626","2776"
"79.143.191.128","elite","AS51167","DE","Contabo GmbH","17","Contabo GmbH","21631","socks5","4899","1","2023-07-07T10:05:59.531Z","100","2716","2718"
"200.81.144.9","elite","AS270934","BR","Silva de Sá Informática LTDA","182","Silva de Sá Informática LTDA","1080","socks4","4889","1","2023-07-07T10:05:59.531Z","100","2759","2765"
"110.77.149.20","elite","AS131090","TH","CAT-BB","214","N/A","4153","socks4","4902","53","2023-07-07T10:05:59.527Z","68","1845","2730"
"103.58.75.24","elite","AS134204","BD","BUSINESSNETWORK","190","N/A","5678","socks4","5102","2","2023-07-07T10:05:59.528Z","80","2220","2774"
"5.9.167.130","elite","AS24940","DE","Hetzner","59","B&W-NetworX GmbH & Co. KG","30000","socks4","5009","1","2023-07-07T10:05:59.528Z","100","2679","2680"
"103.124.136.138","elite","AS138089","ID","Global Media Data Prima","275","N/A","3125","socks5","5000","1","2023-07-07T10:05:59.530Z","91","2414","2657"
"187.157.30.202","elite","AS8151","MX","Uninet S.A. de C.V.","159","Uninet S.A. de C.V.","4153","socks4","4800","1","2023-07-07T10:05:58.648Z","98","2702","2767"
"103.35.108.198","elite","AS23991","BD","Ranks ITT","199","Ranks ITT Ltd.","4145","socks4","5014","1","2023-07-07T10:05:58.749Z","100","2757","2769"
"37.187.133.177","elite","AS16276","FR","OVH SAS","6","OVH SAS","55196","socks4","4489","1","2023-07-07T10:05:58.646Z","66","1828","2767"
"50.96.204.254","elite","AS7029","US","Windstream Communications LLC","188","Windstream Communications LLC","18351","socks4","5108","1","2023-07-07T10:05:58.641Z","100","2722","2730"
"49.51.93.222","elite","AS132203","CA","OPHL","93","Tencent cloud computing (Beijing) Co., Ltd.","443","socks5","1197","1","2023-07-07T10:05:58.644Z","32","880","2731"
"180.254.95.245","elite","AS7713","ID","PT. TELKOM INDONESIA","192","N/A","8080","socks4","4901","1","2023-07-07T10:05:58.832Z","90","2459","2729"
"170.254.255.254","elite","AS52584","BR","Connect Fibra","291","Connect Fibra","45816","socks4","4895","1","2023-07-07T10:05:58.645Z","98","2731","2773"
"185.169.181.26","elite","AS34984","TR","Ates Dc","56","Ibrahim MALA trading as Ates Dc","4145","socks4","4905","1","2023-07-07T10:05:57.222Z","100","2670","2671"
"103.47.216.19","elite","AS133692","IN","Fastnet Communication Pvt. Ltd","193","Fastnet Communication Pvt. Ltd.","4145","socks4","4810","1","2023-07-07T10:05:57.221Z","98","2723","2766"
"175.106.10.226","elite","AS46023","ID","Quantum Dist POP GC","187","N/A","43579","socks4","4903","1","2023-07-07T10:05:57.221Z","74","1976","2683"
"104.19.85.214","elite","AS13335","US","Cloudflare, Inc.","2","Cloudflare, Inc.","80","socks5","5100","1","2023-07-07T10:05:57.223Z","100","2767","2767"
"189.109.224.170","elite","AS10429","BR","Vivo","265","TELEF�NICA BRASIL S.A","8081","socks4","5197","1","2023-07-07T10:05:57.217Z","100","2728","2731"
"137.184.34.178","elite","AS14061","US","DigitalOcean, LLC","169","DigitalOcean, LLC","12345","socks5","5100","1","2023-07-07T10:05:57.220Z","83","2281","2748"
"212.200.149.242","elite","AS8400","RS","TELEKOM-SRBIJA","52","N/A","5678","socks4","4397","1","2023-07-07T10:05:57.219Z","87","2408","2775"
"162.12.217.9","elite","AS204902","FR","Weelax","108","XIWO","3629","socks4","4717","1","2023-07-07T10:05:57.222Z","99","2729","2768"
"101.109.27.239","elite","AS23969","TH","TOT Public Company Limited","197","TOT Public Company Limited","4145","socks4","4611","1","2023-07-07T10:05:57.217Z","39","1074","2754"
"94.232.125.200","elite","AS197225","LT","UAB \"Airnet\"","46","UAB \"Airnet\"","5678","socks4","4908","1","2023-07-07T10:05:56.646Z","100","2711","2717"
"75.182.38.113","elite","AS11426","US","Charter Communications","192","Spectrum","5678","socks4","1598","1","2023-07-07T10:05:56.644Z","97","2633","2718"